{
  "feature_names": [
    "mean_iki",
    "std_iki",
    "wpm",
    "pause_freq",
    "mean_hold",
    "mean_flight",
    "backspace_rate"
  ],
  "scaler_mean": [
    333.99467132442425,
    132.50512644777731,
    39.72363219720152,
    0.0,
    129.50603567714387,
    241.67166294158906,
    0.08
  ],
  "scaler_std": [
    106.07413976312843,
    34.758132609611266,
    12.735831413937907,
    1.0,
    81.07699537883376,
    83.5359770528999,
    0.06
  ],
  "feature_importances": [
    -0.37674788351016103,
    0.011208867704717946,
    -0.16468493988970856,
    0.0,
    0.6210506128245005,
    0.1158906160218394,
    0.19343743799263913
  ],
  "intercept": 1.1244956485982853,
  "thresholds": {
    "medium_risk": 0.73,
    "high_risk": 0.80
  },
  "training_meta": {
    "dataset": "TAPPY Keystroke Data",
    "n_samples": 207,
    "n_pd": 154,
    "n_healthy": 53,
    "cv_roc_auc": 0.5351,
    "cv_accuracy": 0.744,
    "model": "LogisticRegression(C=0.5)"
  }
}